{"cameraMode":{"drawMode":2,"name":"Shaded Wireframe","section":"Shading Mode"},"sceneLighting":true,"audioPlay":false,"sceneViewState":{"showFog":true,"showMaterialUpdate":false,"showSkybox":true,"showFlares":true,"showImageEffects":true,"showParticleSystems":true},"in2DMode":false,"pivot":{"x":-0.44958794116973879,"y":0.6497901082038879,"z":-0.818993091583252},"rotation":{"x":0.0755033791065216,"y":-0.8416867852210999,"z":0.12313039600849152,"w":0.5208108425140381},"size":12.003111839294434,"orthographic":false}