{"cameraMode":{"drawMode":2,"name":"Shaded Wireframe","section":"Shading Mode"},"sceneLighting":true,"audioPlay":false,"sceneViewState":{"showFog":true,"showMaterialUpdate":false,"showSkybox":true,"showFlares":true,"showImageEffects":true,"showParticleSystems":true},"in2DMode":false,"pivot":{"x":-13.8306884765625,"y":-2.725717306137085,"z":-1.9944372177124024},"rotation":{"x":0.1408197432756424,"y":-0.7535728812217712,"z":0.17237921059131623,"w":0.6189810037612915},"size":12.003111839294434,"orthographic":false}