{"cameraMode":{"drawMode":2,"name":"Shaded Wireframe","section":"Shading Mode"},"sceneLighting":true,"audioPlay":false,"sceneViewState":{"showFog":true,"showMaterialUpdate":false,"showSkybox":true,"showFlares":true,"showImageEffects":true,"showParticleSystems":true},"in2DMode":false,"pivot":{"x":315.7366943359375,"y":219.6849365234375,"z":-22.758346557617189},"rotation":{"x":0.17900817096233369,"y":0.01623392477631569,"z":-0.0029507516883313658,"w":0.9837279915809631},"size":100.2401123046875,"orthographic":false}