{"cameraMode":{"drawMode":2,"name":"Shaded Wireframe","section":"Shading Mode"},"sceneLighting":false,"audioPlay":false,"sceneViewState":{"showFog":true,"showMaterialUpdate":false,"showSkybox":true,"showFlares":true,"showImageEffects":true,"showParticleSystems":true},"in2DMode":false,"pivot":{"x":-1.670821189880371,"y":-1.415693759918213,"z":6.352597236633301},"rotation":{"x":0.11598504334688187,"y":-0.05063303932547569,"z":0.005918847396969795,"w":0.9919458627700806},"size":23.334524154663087,"orthographic":false}