{"cameraMode":{"drawMode":2,"name":"Shaded Wireframe","section":"Shading Mode"},"sceneLighting":true,"audioPlay":false,"sceneViewState":{"showFog":true,"showMaterialUpdate":false,"showSkybox":true,"showFlares":true,"showImageEffects":true,"showParticleSystems":true},"in2DMode":false,"pivot":{"x":-15.952544212341309,"y":-4.396413326263428,"z":-0.07915926724672318},"rotation":{"x":0.1902468502521515,"y":-0.6831160187721252,"z":0.19238589704036714,"w":0.6787481307983398},"size":12.003111839294434,"orthographic":false}