{"cameraMode":{"drawMode":2,"name":"Shaded Wireframe","section":"Shading Mode"},"sceneLighting":true,"audioPlay":false,"sceneViewState":{"showFog":true,"showMaterialUpdate":false,"showSkybox":true,"showFlares":true,"showImageEffects":true,"showParticleSystems":true},"in2DMode":false,"pivot":{"x":-6.433802604675293,"y":1.198797345161438,"z":0.12244097888469696},"rotation":{"x":0.1347956359386444,"y":-0.7003699541091919,"z":0.1384606659412384,"w":0.6875467300415039},"size":2.897918939590454,"orthographic":false}