{"cameraMode":{"drawMode":2,"name":"Shaded Wireframe","section":"Shading Mode"},"sceneLighting":false,"audioPlay":false,"sceneViewState":{"showFog":true,"showMaterialUpdate":false,"showSkybox":true,"showFlares":true,"showImageEffects":true,"showParticleSystems":true},"in2DMode":false,"pivot":{"x":-24.810508728027345,"y":-17.982229232788087,"z":-6.358290672302246},"rotation":{"x":0.248710036277771,"y":-0.6861673593521118,"z":0.27197495102882388,"w":0.6273577213287354},"size":30.38762092590332,"orthographic":false}