{"cameraMode":{"drawMode":0,"name":"Shaded","section":"Shading Mode"},"sceneLighting":true,"audioPlay":false,"sceneViewState":{"showFog":true,"showMaterialUpdate":false,"showSkybox":false,"showFlares":true,"showImageEffects":true,"showParticleSystems":true},"in2DMode":false,"pivot":{"x":25.391326904296876,"y":-3.3502135276794435,"z":-28.881484985351564},"rotation":{"x":-0.028062228113412858,"y":-0.9698184728622437,"z":0.2009519338607788,"w":-0.13557970523834229},"size":22.0,"orthographic":false}